{"order": [2, 1, 2], "params": {"order": [2, 1, 2], "params": [0.9703927997048034, -0.0311071330997142, -1.0961685520725317, 0.17558001285974095, 12.46032775517684]}}