{"w_lstm": 0.4760231664626671, "w_arima": 0.5239768335373329}