{"w_lstm": 0.43384793021897783, "w_arima": 0.5661520697810222}