{
  "gbr": {
    "cpu_rmse": 5.303125375406143,
    "cpu_mae": 2.8421417105762816,
    "cpu_r2": 0.9638081098754366,
    "memory_rmse": 6.633932268737347,
    "memory_mae": 4.536095288093423,
    "memory_r2": 0.9427434375883998,
    "network_rmse": 10.94284931751307,
    "network_mae": 8.106237980483295,
    "network_r2": 0.8341384466358306,
    "rmse": 7.997460998743444,
    "mae": 5.161491659717666,
    "r2": 0.9158331454247229
  },
  "lstm": {
    "cpu_rmse": 5.777124419869892,
    "cpu_mae": 3.6046754414107576,
    "cpu_r2": 0.9631914871351535,
    "memory_rmse": 6.453626457679963,
    "memory_mae": 4.434190184917757,
    "memory_r2": 0.9519652337505707,
    "network_rmse": 10.577211394021035,
    "network_mae": 7.9400793509335035,
    "network_r2": 0.8656576262761653,
    "rmse": 7.893074219249267,
    "mae": 5.326314992420673,
    "r2": 0.9286554784504325
  },
  "arima": {
    "cpu_rmse": 3.285361437865004,
    "cpu_mae": 2.498126422852427,
    "cpu_r2": 0.874068313985726,
    "memory_rmse": 6.481897160414358,
    "memory_mae": 5.027877149875386,
    "memory_r2": 0.5910934655628867,
    "network_rmse": 9.979503821115511,
    "network_mae": 7.906703328326671,
    "network_r2": 0.21850730004387775,
    "rmse": 7.127390525086003,
    "mae": 5.144235633684827,
    "r2": 0.5623519317328785
  },
  "combined": {
    "cpu_rmse": 3.4942455660204192,
    "cpu_mae": 2.5148374576197132,
    "cpu_r2": 0.6187630566128854,
    "memory_rmse": 4.528376700165223,
    "memory_mae": 3.638466854601716,
    "memory_r2": 0.3133750805758022,
    "network_rmse": 8.235813450084017,
    "network_mae": 6.6484060290501885,
    "network_r2": 0.09072672299765339,
    "rmse": 5.78920175265518,
    "mae": 4.267236780423872,
    "r2": 0.46979128240989565,
    "w_lstm": {
      "cpu": 0.3625232374861528,
      "memory": 0.5010927543096837,
      "network": 0.48546198873462604
    },
    "w_arima": {
      "cpu": 0.6374767625138472,
      "memory": 0.4989072456903162,
      "network": 0.5145380112653739
    }
  },
  "anomaly": {
    "n_training_samples": 600,
    "n_anomalies_detected": 30,
    "anomaly_rate": 5.0
  }
}